{
  "schemaVersion": "1.0",
  "id": "autumn_firefly",
  "name": "秋夜萤灯",
  "version": "1.0.0",
  "author": "MindriftTeam",
  "description": "秋夜，萤火提灯，在泛黄信纸上缝合思念的星图",
  "minAppVersion": "1.0.0",
  "minPlatformVersion": 1000,
  "colors": {
    "theme": "#E2B66B",
    "background": "#0D1221",
    "text_primary": "rgba(255,244,220,0.92)",
    "text_secondary": "rgba(255,244,220,0.65)",
    "slider_selected": "#E2B66B",
    "slider_block": "#E2B66B",
    "slider_unselected": "rgba(255,244,220,0.2)"
  },
  "text": {
    "body": "rgba(255,244,220,0.82)",
    "caption": "rgba(255,244,220,0.6)",
    "danger": "#E35A5A",
    "title": "rgba(255,244,220,0.92)"
  },
  "backgrounds": {
    "app": {
      "type": "image",
      "value": "images/bg_app.png"
    },
    "card": {
      "type": "color",
      "value": "rgba(13,18,33,0.55)"
    },
    "mask": {
      "type": "color",
      "value": "rgba(8,10,20,0.6)"
    },
    "panel": {
      "type": "color",
      "value": "rgba(8,10,20,0.65)"
    }
  },
  "buttons": {
    "danger": {
      "bg": "rgba(227,90,90,0.2)",
      "text": "#E35A5A",
      "border": "rgba(227,90,90,0.4)",
      "image": "buttons/danger.png"
    },
    "primary": {
      "bg": "rgba(226,182,107,0.18)",
      "text": "#F2D189",
      "border": "rgba(226,182,107,0.4)",
      "image": "buttons/primary.png"
    }
  },
  "lyric": {
    "active": "#F2D189",
    "normal": "#FFF2D9",
    "active_bg": "rgba(226,182,107,0.25)"
  },
  "icons": {
    "dark_mode": false,
    "path": "icons"
  },
  "assets": {
    "base": ".",
    "images": "images",
    "buttons": "buttons"
  }
}